,metric_name,mean_0,mean_1,var_0,var_1,delta,lift,pvalue,statistic
0,Average Revenue per Paying User Without Cancelation,770.601226694407,783.5712299817102,13180466.027940074,8699179.291467063,12.970003287303143,0.016831018220590743,0.14579479108279172,3803528781.0
0,Average Revenuer Per User Without Cancelllations,770.601226694407,783.5712299817102,13180466.027940074,8699179.291467063,12.970003287303143,0.016831018220590743,0.4126975552037203,-0.8191577132455384
0,Canceled Orders per Orders,1.1406410402646287e-05,1.1491875244202349e-05,1.30104714228904e-10,1.320616789745308e-10,8.5464841556062e-08,0.007492702659219956,0.4978942489235213,-0.005278359697668249
0,Average Order Value,1.0,1.0,0.0,0.0,0.0,0.0,,
