,metric_name,mean_0,mean_1,var_0,var_1,delta,lift,pvalue,statistic
0,Orders Per User,0.019417475728155338,0.01653363740022805,0.019051317614424416,0.01626955191979086,-0.002883838327927289,-0.1485176738882554,0.5206620817688068,0.6423899193627091
0,Average Order Value,1804.0058852941174,1599.9114431034486,23676.926449180373,25849.622681312532,-204.09444219066881,-0.11313402237454127,1.812240287388866e-269,38.391301929279514
0,Average Revenuer per User,35.02924049114791,26.45235567274801,85678.24385367271,66817.36450136978,-8.5768848183999,-0.24484929442210798,0.3578962743580151,0.9195021848855082
